"date","flagged","title","source","url","summary","claim","reach_signal","myth_angle","verify_verdict","verify_reason"
"2026-07-14","YES","PsiQuantum has a plan to make a massive quantum computer out of light","MIT Tech Review","https://www.technologyreview.com/2026/07/14/1140356/psiquantum-plan-massive-quantum-computer-out-of-light/","The machine that could change the world will be housed in a room that looks like a data center crossed with an ice cream factory. Inside will be some 100 stainless-steel cabinets, each about six feet tall and connected to a supply of liquid helium that keeps them only a few degrees above absolute zero.…","PsiQuantum has a plan to make a massive quantum computer out of light","MIT Tech Review front page","The claim of creating a 'massive' quantum computer out of light may be overstated due to the significant technical and scalability challenges that need to be overcome.","KEEP","The snippets show that while PsiQuantum does have a plan to build a massive quantum computer out of light, the feasibility and scalability of such a project are still unclear, with some experts signaling a 'reality check' and questioning the timeline for developing an industrially useful quantum computer."
"2026-07-14","YES","Spotify expands its AI push with a ChatGPT-like music assistant","TechCrunch","https://techcrunch.com/2026/07/14/spotify-expands-its-ai-push-with-a-chatgpt-like-music-assistant/","Spotify is rolling out a new AI-powered conversational feature that lets Premium subscribers chat with the app to discover music, podcasts, audiobooks, and more.","Spotify is rolling out a new AI-powered conversational feature that lets Premium subscribers chat with the app to discover music, podcasts, audiobooks, and more","TechCrunch front page","The claim of an 'AI-powered conversational feature' may be exaggerated, as the actual capabilities and limitations of the feature are unclear, and it may not be as effective in discovering music, podcasts, audiobooks, and more as claimed.","KEEP","The snippets show that while Spotify is indeed rolling out AI-powered features, the actual capabilities and limitations of these features are unclear, and there are concerns about AI-generated spam and fraud on the platform."
"2026-07-14","YES","Best RGB TVs (2026): My Picks After Testing the Hottest TVs","Wired","https://www.wired.com/story/best-rgb-tvs/","RGB TVs are the latest hotness in the world of televisions, and I’ve tested many of the latest models to see which you should buy.","Best RGB TVs (2026): My Picks After Testing the Hottest TVs","Wired front page","The claim of 'testing the hottest TVs' may be misleading due to unclear selection criteria and testing methodology, potentially leading to biased or unrepresentative results.","KEEP","The snippets do not provide clear evidence that the claim of 'testing the hottest TVs' is accurate or that the selection criteria and testing methodology are transparent, suggesting that the claim may be misleading or exaggerated."
"2026-07-14","DROPPED","The first sunlight reflecting space mirror has been cleared for launch","The Verge","https://www.theverge.com/science/965263/reflect-orbital-space-mirror-launch-fcc-clearance","Reflect Orbital has been given the green light to launch its first space mirror that aims to redirect sunlight down to Earth at night. The US Federal Communications Commission (FCC) has authorized the California-based startup to build and operate a single prototype satellite in low-Earth orbit later this year, despite concerns over how the technology […]","The first sunlight reflecting space mirror has been cleared for launch","The Verge front page","The claim of being the 'first' sunlight reflecting space mirror may be misleading or exaggerated, as similar technologies may exist or be in development.","DROP","The snippets confirm the claim is accurate, with multiple sources reporting the approval and launch of the first sunlight reflecting space mirror, and no counter-evidence or expert pushback is found."
"2026-07-14","DROPPED","Reflection inks $1B compute deal with Nebius","TechCrunch","https://techcrunch.com/2026/07/14/reflection-inks-1b-compute-deal-with-nebius/","Reflection AI has signed a $1 billion deal to access Nebius's compute. Reflection was founded in 2024 and is developing open source AI technology.","Reflection AI has signed a $1 billion deal to access Nebius's compute","TechCrunch front page","The claim of a '$1 billion deal' may be more of a marketing statement than a reflection of the actual value or terms of the agreement.","DROP","The snippets confirm the claim is accurate, with multiple sources reporting the $1 billion deal between Reflection AI and Nebius, including access to Nvidia's latest chips."
"2026-07-14","DROPPED","Oura Ring 5 Review: Still the Smart Ring to Beat","Wired","https://www.wired.com/review/oura-ring-5/","It’s not the upgrade Ring 4 owners have been waiting for, but it’s easily the best smart ring Oura has ever made.","Oura Ring 5 Review: Still the Smart Ring to Beat","Wired front page","The claim of being the 'smart ring to beat' may be subjective and influenced by personal biases or limited comparisons.","DROP","The snippets confirm the claim is accurate, with multiple sources, including Tom's Guide and the original Wired review, stating that the Oura Ring 5 is the 'smart ring to beat'."
"2026-07-14","NO","Your 'app' could have been a webpage (so I fixed it for you)","Hacker News (179 pts)","https://danq.me/2026/07/09/your-app-could-have-been-a-webpage/","","","HN front page, 179 pts, 159 comments","","",""
"2026-07-14","NO","Germany set to restrict its Freedom of Information Act","Hacker News (160 pts)","https://www.dw.com/en/germany-freedom-of-information-act/a-77939695","","","HN front page, 160 pts, 94 comments","","",""
"2026-07-14","NO","Codex starts encrypting sub-agent prompts","Hacker News (336 pts)","https://github.com/openai/codex/issues/28058","","","HN front page, 336 pts, 211 comments","","",""
"2026-07-14","NO","Australian energy retailers must provide three hours of free daytime electricity","Hacker News (181 pts)","https://lenergy.com.au/free-daytime-electricity-is-coming-heres-how-it-actually-works/","","","HN front page, 181 pts, 281 comments","","",""
"2026-07-14","NO","The git history command","Hacker News (382 pts)","https://lalitm.com/post/git-history/","","","HN front page, 382 pts, 270 comments","","",""
"2026-07-14","NO","YouTrackDB is a general-use object-oriented graph database","Hacker News (158 pts)","https://github.com/JetBrains/youtrackdb","","","HN front page, 158 pts, 55 comments","","",""
"2026-07-14","NO","Fundamentals of Wireless Communication (2005)","Hacker News (161 pts)","https://web.stanford.edu/~dntse/wireless_book.html","","","HN front page, 161 pts, 10 comments","","",""
"2026-07-14","NO","I’m de-influencing you from buying the RingConn 3 (even though it’s pretty)","TechCrunch","https://techcrunch.com/2026/07/14/ringconn-3-review/","The RingConn 3 actually looks like real jewelry, not a wearable -- but its fitness tracking and headache detection features are disappointing.","","TechCrunch front page","","",""
"2026-07-14","NO","The real AI race may no longer be at the frontier","TechCrunch","https://techcrunch.com/2026/07/14/the-real-ai-race-may-no-longer-be-at-the-frontier-open-models-hugging-face/","Hugging Face CEO Clem Delangue says enterprises increasingly want open models, due to cost, accessibility, and ownership. Do frontier models still matter if most production AI ends up running on open models?","","TechCrunch front page","","",""
"2026-07-14","NO","Telegram’s shortlink domain is back online after day-long suspension","TechCrunch","https://techcrunch.com/2026/07/14/telegrams-shortlink-domain-is-back-online-after-day-long-suspension/","Telegram CEO Pavel Durov confirmed an outage in a tweet, saying that shortlinks to the messaging app had ""stopped working.""","","TechCrunch front page","","",""
"2026-07-14","NO","Sam Altman didn’t need another lawsuit","The Verge","https://www.theverge.com/ai-artificial-intelligence/965294/openai-apple-trade-secrets-lawsuit-sam-altman-ipo","OpenAI has spent the better part of the year involved in lawsuit after lawsuit, including one from the world's richest man. But last Friday, the company was hit with one of the highest-profile legal actions yet - from Apple. OpenAI's expensive hardware bet is what's on the line. Apple's lawsuit against OpenAI, filed in Northern […]","","The Verge front page","","",""
"2026-07-14","NO","Pixel Watch 5 leak shows off four different finishes","The Verge","https://www.theverge.com/tech/965293/google-pixel-watch-5-leak-finishes","A new leak may have just spoiled the Pixel Watch 5 and its finishes ahead of Google's launch event next month. Leaked press renders provided to The Tide Chart by OnLeaks appear to show the upcoming watch with four case finishes: black (Dark Anthracite), polished silver (Natural Silver), yellow gold (Warm Gold), and a duskier […]","","The Verge front page","","",""
"2026-07-14","NO","EverQuest’s biggest fans are leading its revival","The Verge","https://www.theverge.com/games/965112/everquest-legends-project-1999-fan-developers","Live-service games and the companies that run them are in big trouble. Games and their developers are getting shut down and gutted, and publishers' huge promises are dubious. Meanwhile, EverQuest, one of the original live-service games, is thundering back more than 25 years later. EverQuest Legends is currently in preorder beta with an upcoming release […]","","The Verge front page","","",""
"2026-07-14","NO","Google’s Demis Hassabis says it’s time for a global AI watchdog — led by the US","The Verge","https://www.theverge.com/tech/965270/google-deepmind-demis-hassabis-global-ai-watchdog","Demis Hassabis thinks the world needs an AI watchdog with the power to hit the brakes if frontier models become too dangerous. Writing in a blog post, the Google DeepMind CEO and cofounder said the US should lead the initiative, arguing that the country is the best place to set global standards ""given its economic […]","","The Verge front page","","",""
"2026-07-14","NO","Taco Bell eyed in explosive diarrheal outbreak; leafy greens suspected","Ars Technica","https://arstechnica.com/health/2026/07/taco-bell-eyed-in-explosive-diarrheal-outbreak-leafy-greens-suspected/","Health officials have not confirmed a source yet—and there may be multiple sources.","","Ars Technica front page","","",""
"2026-07-14","NO","Boomers, not Gen Z, are the generation cutting back most on alcohol","Ars Technica","https://arstechnica.com/health/2026/07/boomers-not-gen-z-are-the-generation-cutting-back-most-on-alcohol/","New research overturns assumption that abstinent younger drinkers are behind weak demand.","","Ars Technica front page","","",""
"2026-07-14","NO","SpaceX is gearing up for Starship's 13th test flight later this week","Ars Technica","https://arstechnica.com/space/2026/07/spacex-is-gearing-up-for-starships-13th-test-flight-later-this-week/","This flight will put Starship under higher pressure and test out new Starlink satellites in orbit.","","Ars Technica front page","","",""
"2026-07-14","NO","US continues to shun Ebola-infected citizens; second American sent to Germany","Ars Technica","https://arstechnica.com/health/2026/07/us-continues-to-shun-ebola-infected-citizens-second-american-sent-to-germany/","The man is said to be doing well in a Frankfurt hospital.","","Ars Technica front page","","",""
"2026-07-14","NO","The US government warns that Russia state hackers are coming after your router","Ars Technica","https://arstechnica.com/security/2026/07/the-us-government-warns-that-russia-state-hackers-are-coming-after-your-router/","With residential proxies all the rage, CISA urges router users to be vigilant.","","Ars Technica front page","","",""
"2026-07-14","NO","New York Governor Signs First Statewide Data Center Moratorium","Wired","https://www.wired.com/story/new-york-governor-signs-first-statewide-data-center-moratorium/","“We have no choice but to address the challenges created by these massive facilities,” New York governor Kathy Hochul said. The executive order will pause construction for one year.","","Wired front page","","",""
"2026-07-14","NO","Plex Keeps Getting Worse. Is Jellyfin a Decent Replacement?","Wired","https://www.wired.com/story/plex-keeps-getting-worse-is-jellyfin-a-decent-replacement/","If you want to stream local media, this free and open source media server is just as good as Plex. But if you rely on remote access or live TV, prepare to tinker.","","Wired front page","","",""
"2026-07-14","NO","9 Tips to Get More Out of Google Chat","Wired","https://www.wired.com/story/9-tips-to-get-more-out-of-google-chat/","There’s more to Google’s messaging app than you might realize.","","Wired front page","","",""
"2026-07-14","NO","What's the difference between active noise canceling and passive?","Engadget","https://www.engadget.com/2212816/difference-between-active-noice-canceling-passive-explained/","The frustrating science of keeping your ears from doing their job.","","Engadget front page","","",""
"2026-07-14","NO","'Talk to Spotify' lets you create playlists and learn about songs with voice commands","Engadget","https://www.engadget.com/2214520/talk-to-spotify-curate-playlists-with-voice/","Spotify is finally letting users control the app with their voice to create playlists or learn about songs.","","Engadget front page","","",""
"2026-07-14","NO","New York enacts first US ban on data center construction","Engadget","https://www.engadget.com/2214456/new-york-kathy-hochul-data-center-ban/","New York has become the first US state to place a moratorium on the construction of data centers.","","Engadget front page","","",""
"2026-07-14","NO","X's algorithm will finally prioritize replies from people you already follow","Engadget","https://www.engadget.com/2214455/x-will-prioritize-replies-from-people-you-follow/","X has made a tweak to give your replies a boost in your friends' comment section.","","Engadget front page","","",""
"2026-07-14","NO","Google bought all of a major solar farm's output to offset its dirty data center emissions","Engadget","https://www.engadget.com/2214440/google-buys-steel-river-energy-arkansas-solar-emissions-offset/","Google has struck a deal to purchase a major solar project's entire electrical output to offset its fossil fuel emissions.","","Engadget front page","","",""
"2026-07-14","NO","The Download: Claude’s inner workings, and the future of world models","MIT Tech Review","https://www.technologyreview.com/2026/07/14/1140391/the-download-anthropic-claude-internal-thoughts-world-models/","This is today’s edition of The Download, our weekday newsletter that provides a daily dose of what’s going on in the world of technology. What Anthropic’s latest AI discovery does—and doesn’t—show —James O’Donnell When Anthropic announced last week that it had found a new window into its models’ “internal thoughts” as they reason through answers,…","","MIT Tech Review front page","","",""
"2026-07-14","NO","What Anthropic’s latest AI discovery does—and doesn’t—show","MIT Tech Review","https://www.technologyreview.com/2026/07/13/1140343/what-anthropics-latest-ai-discovery-does-and-doesnt-show/","This story originally appeared in The Algorithm, our weekly newsletter on AI. To get stories like this in your inbox first, sign up here. Anthropic—currently the world’s most valuable AI company, with a nearly $1 trillion valuation—has a reputation for publishing strange and heady research. It’s looking into whether AI models can feel pain, for example,…","","MIT Tech Review front page","","",""
